<modification>
    <id>notify_when_arrives - OpenStock Pack</id>
    <version>1.0</version>
    <vqmver>2.1</vqmver>
    <author>thalles cardoso</author>
    <file name="catalog/controller/product/product.php">
        <operation>
            <search position="before"><![CDATA[foreach ($this->model_catalog_product->getProductOptions($this->request->get['product_id']) as $option) { ]]>
            </search>
            <add><![CDATA[
                if($nwa_enabled){
                        $this->load->model('module/notify_when_arrives');

                        $this->data['nwa_open_stock_options'] = $this->model_module_notify_when_arrives->getOpenStockOutOfStockOptions($this->request->get['product_id']);
                      $this->language->load('module/notify_when_arrives_open_stock');

                        $this->data['heading_title_open_stock'] = $this->language->get('heading_title_open_stock');

                 }
                  ]]>
            </add>
        </operation>
    </file>
        <file name="admin/model/module/notify_when_arrives.php">
        <operation>
            <search position="after"><![CDATA[option_value_id INT (7),]]> </search>
            <add><![CDATA[      option_group VARCHAR(100),]]></add>
        </operation>
        <operation>
            <search position="before"><![CDATA[return (!in_array(false, $update));]]>
            </search>
            <add><![CDATA[

                    $query_column = $this->db->query("SHOW COLUMNS FROM `" . DB_PREFIX . "product_option_relation` LIKE 'nwa_group_id'");

                    if (!$query_column->num_rows) {

                        $update[] = $this->db->query('ALTER TABLE ' . DB_PREFIX . 'product_option_relation ADD nwa_group_id VARCHAR(100)');
                        $update[] = $this->db->query('ALTER TABLE notify_when_arrives ADD option_group VARCHAR(100)');
                
                        $this->openStockUpdateOptionGroupInfo(true);

                    }
   
		 ]]>
            </add>
        </operation>
        <operation>
            <search position="after"><![CDATA[$statistics = array();]]></search>
            <add><![CDATA[
      
                    $this->openStockUpdateOptionGroupInfo();
 
		 ]]>
            </add>
        </operation>
        <operation>
            <search position="before"><![CDATA[public function install() {]]>
            </search>
            <add><![CDATA[

                 public function getOpenStockOptions($group_id) {

                    $result = array();

                    if ($this->config->get('notify_when_arrives_installed')) {

                        $group_array = explode(',', $group_id);

                        $sql_start = "SELECT stock as quantity, CONCAT(";

                        $sql = "
                                  FROM " . DB_PREFIX . "product_option_relation as product_option";

                        $group_count = count($group_array);

                        $item_count = 0;

                        $option_ids = array();
                        $option_values_ids = array();

                        foreach ($group_array as $group_info) {

                            list($option_id, $option_value_id) = explode('-', $group_info);

                           $option_ids[] = $option_id;
                           $option_values_ids[] = $option_value_id;

                            $item_count ++;

                            $sql_start.=" 
                                option_description_" . $item_count . ".name,': ',option_value_description_" . $item_count . ".name";

                            if ($item_count != $group_count) {

                                $sql_start.= " 
                                ,',',
                                ";
                            } else {

                                $sql_start.= ") as option_name, NULL as option_value_name ";
                            }

                            $sql.="
                                 INNER JOIN " . DB_PREFIX . "option_description as option_description_" . $item_count . " 
                                 ON 
                                 option_description_" . $item_count . ".option_id='$option_id'   

                                 INNER JOIN " . DB_PREFIX . "option_value_description as option_value_description_" . $item_count . " 
                                 ON 
                                 option_value_description_" . $item_count . ".option_value_id='$option_value_id'  
                                 ";
                        }



                        $sql.=" 
                                WHERE
                                product_option.nwa_group_id  = '" . $group_id . "'
                                ";


                        $sql_start .= ",'".implode('_', $option_ids). "' as  option_id";
                        $sql_start .= ",'".implode('_', $option_values_ids). "' as  option_value_id";

                        $query = $this->db->query($sql_start . $sql);

                        return $query->row;


                    }

                    return (($result) ? $result : array());
                }

                public function getOpenStockList(&$query_rows, $to_notify = false, $date_start = false, $date_end = false) {

                    $filter_date = (!$to_notify && $date_start && $date_end) ? " AND nwa.date_added BETWEEN '$date_start' AND '$date_end'" : "";

                    $sql = "
                        SELECT
                        nwa.id,
                        nwa.user,
                        nwa.phone,
                        nwa.email,
                        nwa.custom,
                        nwa.store_id,
                        nwa.product_id,
                        nwa.language_id,
                        url_alias.keyword,
                        product_description.`name`,
                        product.image,
                        nwa.option_group,
                        nwa.notified
                        FROM
                        notify_when_arrives as nwa
                        LEFT JOIN  " . DB_PREFIX . "url_alias  as url_alias ON `query` = CONCAT('product_id=',nwa.product_id)
                        INNER JOIN " . DB_PREFIX . "product as product ON nwa.product_id = product.product_id
                        INNER JOIN " . DB_PREFIX . "product_description as product_description ON nwa.product_id = product_description.product_id
                        INNER JOIN " . DB_PREFIX . "language as language ON nwa.language_id = language.language_id	    
                        WHERE
                        product_description.language_id  = nwa.language_id
                        AND
                        (nwa.option_group <> NULL || nwa.option_group <> '')
                        $filter_date
                        ";

                    $query = $this->db->query($sql);

                if($to_notify){
                
                    foreach ($query->rows as $request_key => &$request) {
                
                        $option_info = $this->getOpenStockOptions($request['option_group']);

                        if($option_info['quantity'] > 0){

                            $request = array_merge($request,  $option_info);
                
                        }else{
                
                            unset($query->rows[$request_key]);
                
                         }

                    }
                
                
                }else{
                
                    foreach ($query->rows as &$request) {
                
                        $option_info = $this->getOpenStockOptions($request['option_group']);
 
                        $request = array_merge($request,$option_info );

                    }
                
                }
 
                 $query_rows = array_merge($query_rows,$query->rows);


                }

                public function openStockUpdateOptionGroupInfo($all = false){
                
                    $result = array();
                
                    $sql = "SELECT * from  " . DB_PREFIX . "product as product 
                            INNER JOIN  ". DB_PREFIX . "product_option_relation as product_option
                            ON  
                            product_option.product_id  =  product.product_id
                            WHERE
                            product.has_option = '1'";
                
                if ($all){
                
                    $sql .= "AND
                            product.date_modified = '".date('Y-m-d')."'";
                }
                
                 $sql .= "
                            ORDER BY
                            product.product_id,var DESC";

                    $query = $this->db->query($sql);

                    foreach ($query->rows as $variant) {

                        $product_option_value_ids = explode(':',$variant['var']);
                        $options_group = array();

                        foreach($product_option_value_ids as $product_option_value_id){

                               $sql = "
                                 SELECT option_id,option_value_id from " . DB_PREFIX . "product_option_value as product_option
                                 WHERE
                                 product_option_value_id = '" . (int) $product_option_value_id . "'
                                     LIMIT 1
                                 ";

                                $qr = $this->db->query($sql);

                                if ($qr){

                                    $options_group[] = $qr->row['option_id'].'-'.$qr->row['option_value_id'];

                                }

                        }

                        $options_group_string = implode(',',$options_group);

                        $this->db->query("UPDATE " . DB_PREFIX . "product_option_relation set nwa_group_id = '$options_group_string' WHERE var='".$variant['var']."'");

                    }
                
                }
      
 
		 ]]>
            </add>
        </operation>
        
        
           <operation>
       <search position="replace"><![CDATA[(nwa.option_id IS NULL OR nwa.option_id = '0')]]></search>
       <add><![CDATA[((nwa.option_id IS NULL OR nwa.option_id = '0') && (nwa.option_group IS NULL OR nwa.option_group = '0' )) ]]></add>
        </operation>
        
        
        
        <operation>
       <search position="before"><![CDATA[$this->load->model('tool/image');]]></search>
       <add><![CDATA[   $this->getOpenStockList($query->rows, $to_notify, $date_start, $date_end); ]]></add>
        </operation>
    </file>
    <file name="catalog/view/theme/*/template/product/product.tpl">
        <operation>
            <search position="replace"><![CDATA[<?php echo $content_top; ?>]]>
            </search>
            <add><![CDATA[ 
			
			<?php if ($nwa_enabled){ ?>
			
			    <script type="text/javascript">

				var nwa_open_stock_options= <?php echo json_encode($nwa_open_stock_options);?>;
                                var nwa_open_stock_title = '<?php echo $heading_title_open_stock;?>';

			    </script>
			
			<?php } ?>
			<?php echo $content_top; ?>
			]]>
            </add>
        </operation>
    </file>
    <file name="catalog/model/module/notify_when_arrives.php">
        <operation>
            <search position="before"><![CDATA[public function getProductStatusId($product_id) {]]>
            </search>
            <add><![CDATA[ 
                
                
     public function getOpenStockEnabled($product_id) {
 
        if ($this->config->get('notify_when_arrives_installed')) {

            $sql = "
            SELECT has_option from " . DB_PREFIX . "product as product
            WHERE
            product_id = '" . (int) $product_id . "'
	     ";

            $query = $this->db->query($sql);

            if ($query->row) {

                return (int) $query->row['has_option'];
            }
        }
    }

    public function getOpenStockOutOfStockOptions($product_id) {

        $result = array();
 
        if ($this->config->get('notify_when_arrives_installed')) {
 
                $sql = "
                SELECT * from " . DB_PREFIX . "product_option_relation as product_option
                WHERE
                product_option.stock <= '0'
                AND
                product_option.product_id  = '" . (int) $product_id . "'
                ";

                $query = $this->db->query($sql);

                foreach ($query->rows as $variant) {

                    $product_option_value_ids = explode(':',$variant['var']);
                    $options_group = array();
                    
                    foreach($product_option_value_ids as $product_option_value_id){
        
                           $sql = "
                             SELECT option_id,option_value_id from " . DB_PREFIX . "product_option_value as product_option
                             WHERE
                             product_option_value_id = '" . (int) $product_option_value_id . "'
                                 LIMIT 1
                             ";

                            $qr = $this->db->query($sql);
                            
                            if ($qr){
                                
                                $options_group[] = $qr->row['option_id'].'-'.$qr->row['option_value_id'];
                                
                            }
                   
                    }
                    
                    $result[$variant['var']] = implode(',',$options_group);
                }
 
        }

        return (($result) ? $result : array());
    }
           ]]> </add>
        </operation>
        <operation>
            <search position="before"><![CDATA[public function getProductStatusId($product_id) {]]>
            </search>
            <add><![CDATA[     
    
          public function openStockRegister($email, $name, $phone, $custom, $product_id, $option_group) {

        if ($this->config->get('notify_when_arrives_installed')) {

            $query = $this->db->query("SELECT * FROM
                            notify_when_arrives 
                            WHERE
                            product_id = '" . (int) $product_id . "'
                            AND
			    option_group = '" . $this->db->escape($option_group). "'
                            AND
                            store_id = '" . (int) $this->config->get('config_store_id') . "'
                            AND
                            email = '" . $email . "'
                            AND
                            notified = '0'");

            if ($query->num_rows) {

                return 'exists';
            }


            return $this->db->query("INSERT INTO
                            notify_when_arrives 
                            SET
                            product_id = '" . (int) $product_id . "',
                            store_id = '" . (int) $this->config->get('config_store_id') . "',
			    language_id = '" . (int) $this->config->get('config_language_id') . "',
                            email = '" . $email . "',
                            user = '" . $name . "',
                            phone = '" . $phone . "',
                            custom = '" . $custom . "',
			    option_group = '" . $this->db->escape($option_group). "',
                            date_added = NOW(),
                            notified = '0'");
        }
    }
   
           ]]> </add>
        </operation>     
    </file> 
    <file name="catalog/controller/module/notify_when_arrives.php">

        <operation>
            <search position="replace"><![CDATA[if ((int) $product['quantity'] <= 0 && !in_array($product['stock_status_id'], $skip_list)) {]]>
            </search>
            <add><![CDATA[     
                       if ((int) $product['quantity'] <= 0 && !in_array($product['stock_status_id'], $skip_list) && !$this->model_module_notify_when_arrives->getOpenStockEnabled($product['product_id'])) {
                 ]]> </add>
        </operation>       
        <operation>
            <search position="after"><![CDATA[$this->document->addScript('catalog/view/javascript/nwa.min.js');]]>
            </search>
            <add><![CDATA[     
                         $this->document->addScript('catalog/view/javascript/nwa_open_stock.js');
                 ]]> </add>
        </operation>  
            
        <operation>
            <search position="after"><![CDATA[$option_value_id = (isset($this->request->post['notify_option_value_id'])) ? $this->request->post['notify_option_value_id'] : null;]]>
            </search>
            <add><![CDATA[     
    
               $option_group =(isset($this->request->post['notify_option_value_id']) && strpos($this->request->post['notify_option_value_id'], ',') !==false) ? $this->request->post['notify_option_value_id'] : null;
		
                 ]]> </add>
        </operation>  
            
               
        <operation>
            <search position="replace"><![CDATA[$reg_status = $this->model_module_notify_when_arrives->register($email, $name, $phone, $custom, $product_id, $option_id, $option_value_id);]]>
            </search>
            <add><![CDATA[     
    
                if ($option_group){
                    
                     $reg_status = $this->model_module_notify_when_arrives->openStockRegister($email, $name, $phone, $custom, $product_id, $option_group);
        
                }else{
                    
                     $reg_status = $this->model_module_notify_when_arrives->register($email, $name, $phone, $custom, $product_id, $option_id, $option_value_id);
                   
                }
                    
                 ]]> </add>
        </operation>  
            
        <operation>
            <search position="after"><![CDATA[$product_name = $this->model_module_notify_when_arrives->getProductName($product_id);]]>
            </search>
            <add><![CDATA[     
    
                        if ($option_group){
                         
                            $options = explode(',',$option_group);
                    
                            $options_names = array();
              
                            foreach($options as $option){

                                $option_info = explode('-', $option);
                                
                                $option_id = isset($option_info[0]) ? $option_info[0] : false;
                                $option_value_id = isset($option_info[1]) ? $option_info[1] : false;
                                
                                if ($option_id && $option_value_id) {

                                    $option_name = $this->model_module_notify_when_arrives->getOptionName($option_id);

                                    $option_value_name = $this->model_module_notify_when_arrives->getOptionValueName($option_value_id);

                                    $options_names[] =   $option_name . ' : ' . $option_value_name ;
                                }
 
                            }
                            
                        $product_name.= ' ('.implode(', ',$options_names).')';
                    
                        }else{
                    
                 ]]> </add>
        </operation>      
        <operation>
            <search position="before"><![CDATA[$subject = str_replace('{product_name}', $product_name, $this->language->get('mail_admin_subject'));]]>
            </search>
            <add><![CDATA[  } ]]> </add>
        </operation>      
            
    </file> 

</modification>