﻿<modification>
  <id>Products in order list</id>
  <version>1.0.0</version>
  <vqmver>2.1</vqmver>
  <author>Diana Savvatina</author>
  
  <file name="admin/model/sale/order.php">
    <operation>
      <search position="ireplace"><![CDATA[o.date_added, o.date_modified]]></search>
      <add><![CDATA[o.date_added, o.date_modified, (SELECT GROUP_CONCAT( CONCAT(op.quantity,  ' x ', op.model) SEPARATOR '<br />' ) AS p FROM `order_product` op
						WHERE o.order_id = op.order_id
						GROUP BY op.order_id) as products ]]></add>
    </operation>
  </file>

  <file name="admin/language/english/sale/order.php">
    <operation>
      <search position="before"><![CDATA[$_['column_action']]]></search>
      <add><![CDATA[$_['column_products'] = 'Products';]]></add>
    </operation>
  </file>

  <file name="admin/language/russian/sale/order.php">
    <operation>
      <search position="before" error="skip"><![CDATA[$_['column_action']]]></search>
      <add><![CDATA[$_['column_products'] = 'Продукты';]]></add>
    </operation>
  </file>
  
  <file name="admin/controller/sale/order.php">
    <operation>
      <search position="before"><![CDATA['action'        => $action]]></search>
      <add><![CDATA['products'        => $result['products'],]]></add>
    </operation>
	
	<operation>
	  <search position="before"><![CDATA[$this->data['column_action'] = $this->language->get('column_action');]]></search>
      <add><![CDATA[$this->data['column_products'] = $this->language->get('column_products');]]></add>
	</operation>
  </file>
  
  <file name="admin/view/template/sale/order_list.tpl">
    <operation>
      <search position="before"><![CDATA[<td class="right"><?php echo $column_action; ?></td>]]></search>
      <add><![CDATA[<td class="right"><?php echo $column_products; ?></td>]]></add>
    </operation>

    <operation>
      <search position="before"><![CDATA[<td align="right"><a onclick="filter();" class="button"><?php echo $button_filter; ?></a></td>]]></search>
      <add><![CDATA[<td></td>]]></add>
    </operation>

    <operation>
      <search position="before"><![CDATA[<td class="right"><?php foreach ($order['action'] as $action) { ?>]]></search>
      <add><![CDATA[<td class="left"><?php echo $order['products']; ?></td>]]></add>
    </operation>
  </file>

  
  
  <file name="admin/controller/common/home.php">
    <operation>
      <search position="before"><![CDATA['action'     => $action]]></search>
      <add><![CDATA['products'        => $result['products'],]]></add>
    </operation>
	
	<operation>
	  <search position="before"><![CDATA[$this->data['column_action'] = $this->language->get('column_action');]]></search>
      <add><![CDATA[$this->data['column_products'] = $this->language->get('column_products');]]></add>
	</operation>
  </file>

  <file name="admin/view/template/common/home.tpl">
    <operation>
      <search position="before"><![CDATA[<td class="right"><?php echo $column_action; ?></td>]]></search>
      <add><![CDATA[<td class="right"><?php echo $column_products; ?></td>]]></add>
    </operation>

    <operation>
      <search position="before"><![CDATA[<td class="right"><?php foreach ($order['action'] as $action) { ?>]]></search>
      <add><![CDATA[<td class="left"><?php echo $order['products']; ?></td>]]></add>
    </operation>
  </file>

  <file name="admin/language/english/common/home.php">
    <operation>
      <search position="before"><![CDATA[$_['column_action']]]></search>
      <add><![CDATA[$_['column_products'] = 'Products';]]></add>
    </operation>
  </file>

  <file name="admin/language/russian/common/home.php">
    <operation>
      <search position="before" error="skip"><![CDATA[$_['column_action']]]></search>
      <add><![CDATA[$_['column_products'] = 'Продукты';]]></add>
    </operation>
  </file>
  
</modification>